SKU,Status
750860-SC,archived
775694-SC,archived
779837-SC,archived
780518-SC,archived
782579-SC,archived
784436-SC,archived
802047-SC,archived
806586-SC,archived
807122-SC,archived
808104-SC,archived
813028-SC,archived
813338-SC,archived
817631-SC,archived
818031-SC,archived
822892-SC,archived
828881-SC,archived
830523-SC,archived
831851-SC,archived
832867-SC,archived
833595-SC,archived
833914-SC,archived
835518-SC,archived
835530-SC,archived
836048-SC,archived
836430-SC,archived
837841-SC,archived
838684-SC,archived
840653-SC,archived
841184-SC,archived
843283-SC,archived
846893-SC,archived
848430-SC,archived
850806-SC,archived
852116-SC,archived
852226-SC,archived
852619-SC,archived
853995-SC,archived
855899-SC,archived
858415-SC,archived
858587-SC,archived
861184-SC,archived
861476-SC,archived
861636-SC,archived
863158-SC,archived
863581-SC,archived
864100-SC,archived
865746-SC,archived
865747-SC,archived
868128-SC,archived
868132-SC,archived
870153-SC,archived
871138-SC,archived
871610-SC,archived
876320-SC,archived
876726-SC,archived
877627-SC,archived
878701-SC,archived
879012-SC,archived
880318-SC,archived
880689-SC,archived
881606-SC,archived
881607-SC,archived
882191-SC,archived
884892-SC,archived
886075-SC,archived
886214-SC,archived
887893-SC,archived
888481-SC,archived
890583-SC,archived
891123-SC,archived
894213-SC,archived
894717-SC,archived
898637-SC,archived
904659-SC,archived
904772-SC,archived
904908-SC,archived
911756-SC,archived
915151-SC,archived
921790-SC,archived
923497-SC,archived
936110-SC,archived
936717-SC,archived
