SKU,Price,Compare-at Price,Weight
742817-SC,7072.00,7072.00,58
745351-SC,1980.00,1980.00,125
745697-SC,5276.00,5276.00,269
767442-SC,2687.00,2687.00,169
772467-SC,1690.00,1690.00,270
764054-SC,2236.00,2236.00,719
755347-SC,1392.00,1392.00,108
799079-SC,2418.17,6106.50,180
779940-SC,1266.00,2532.00,96
769454-SC,4070.00,5087.88,185
820173-SC,1811.00,1811.00,276
769979-SC,1272.00,2266.00,300
800083-SC,9000.00,21818.18,554
769355-SC,1445.00,3612.73,56
777291-SC,341.00,341.00,22
789049-SC,2981.00,4232.00,683
731731-SC,3380.00,8582.40,55
777219-SC,743.00,743.00,26
830392-SC,4396.00,6280.91,266
757607-SC,538.00,538.00,16
826157-SC,4700.00,9451.00,792
765360-SC,3120.00,3120.00,24
821624-SC,1780.41,4496.00,138
821463-SC,567.00,567.00,94
812977-SC,2171.00,2171.00,25
816994-SC,3523.91,7119.00,488
818173-SC,735.84,1022.00,99
796147-SC,2341.00,2341.00,350
786520-SC,2519.00,2519.00,481
753351-SC,1700.00,5323.00,953
826067-SC,935.00,1700.00,47
801576-SC,1105.00,1105.00,95
765477-SC,371.97,743.94,7
809489-SC,854.00,854.00,227
781304-SC,2265.00,4530.00,362
791192-SC,3544.00,3544.00,537
785340-SC,3775.00,3775.00,538
818439-SC,735.08,1485.00,32
787107-SC,1589.00,1986.20,252
844751-SC,15363.45,31037.92,522
778047-SC,1270.00,4055.00,97
745073-SC,506.00,2530.91,168
798756-SC,9384.00,9384.00,314
809629-SC,2543.81,5139.00,441
775513-SC,3847.00,3847.00,678
802659-SC,4550.00,9010.00,411
810344-SC,2451.00,2451.00,316
842353-SC,1917.14,3873.00,30
786209-SC,1755.00,2924.55,312
822296-SC,3241.26,6548.00,599
808608-SC,752.04,1900.00,13
836032-SC,1946.00,1946.00,300
774487-SC,2525.00,5231.00,1016
831728-SC,2293.00,3470.00,7
842312-SC,2195.00,2195.00,296
836042-SC,1556.00,1556.00,141
807703-SC,3600.00,4536.00,65
805723-SC,5834.00,5834.00,69
824455-SC,3163.05,6390.00,670
819076-SC,5172.00,10345.50,95
777343-SC,2319.00,2319.00,353
805551-SC,1652.00,1652.00,263
790676-SC,3326.00,4845.00,736
796789-SC,4149.00,4149.00,131
854477-SC,1658.75,3351.00,373
800069-SC,1275.00,1275.00,282
827242-SC,16941.00,16941.00,747
818804-SC,304.00,511.00,6
846366-SC,521.00,521.00,37
775685-SC,2679.00,2679.00,259
829795-SC,1570.00,1570.00,240
845213-SC,462.00,462.00,48
854441-SC,2151.27,6519.00,302
857978-SC,1933.27,4882.00,250
782461-SC,3332.00,3332.00,640
786325-SC,10200.00,10200.00,355
763232-SC,2350.00,5535.00,509
755596-SC,1917.00,1917.00,299
814799-SC,2708.00,2708.00,175
839840-SC,2349.30,7119.09,14
839838-SC,2502.72,6320.00,60
840122-SC,1449.00,1449.00,57
785207-SC,816.00,816.00,12
840946-SC,650.00,1925.00,9
824342-SC,1274.00,1274.00,66
825222-SC,2256.76,5129.00,386
825219-SC,650.00,1097.00,3
829836-SC,2305.60,4192.00,427
855757-SC,1849.00,1849.00,325
856470-SC,1159.40,2108.00,165
815664-SC,1645.00,4196.29,76
836329-SC,1649.00,1649.00,7
755575-SC,2872.00,2872.00,168
773196-SC,10362.00,10362.00,434
831721-SC,1786.00,1786.00,135
825945-SC,1881.00,3136.36,243
846154-SC,10678.00,10678.00,245
863294-SC,12400.00,15500.00,146
782478-SC,2610.00,2610.00,231
824344-SC,2520.00,2520.00,495
850551-SC,3582.98,12047.17,482
839725-SC,1481.00,2116.84,89
788092-SC,2772.00,5600.00,872
812933-SC,2891.00,2891.00,263
838143-SC,1517.80,5356.00,290
838144-SC,1517.80,5356.00,288
829685-SC,1677.60,4194.00,354
830440-SC,8702.00,8702.00,146
802136-SC,11818.18,11818.18,60
839515-SC,2156.00,3317.27,120
768091-SC,1043.00,2608.18,331
842538-SC,962.50,1925.00,15
856025-SC,1785.00,1785.00,240
855000-SC,1909.09,3818.18,219
859086-SC,6545.45,9450.00,178
864735-SC,4325.00,4325.00,268
798179-SC,1335.00,1335.00,117
842554-SC,1981.93,3963.86,572
867895-SC,5989.50,11979.00,151
829222-SC,3243.00,5544.00,503
856024-SC,1965.00,3931.00,454
862142-SC,4158.00,4158.00,107
798960-SC,1932.00,1932.00,132
779688-SC,2973.00,2973.00,68
838473-SC,3507.27,7014.55,754
855118-SC,14083.00,14083.00,160
833065-SC,14083.00,14083.00,160
831145-SC,2945.00,5890.00,315
845130-SC,1747.80,3495.60,22
872444-SC,1760.00,2200.00,59
874250-SC,1609.00,1609.00,112
776210-SC,1572.00,1572.00,114
842552-SC,1981.93,3963.86,572
840315-SC,2069.00,2069.00,14
828882-SC,3560.00,8900.00,74
829283-SC,3017.00,4640.91,189
866237-SC,2232.00,2790.00,61
864381-SC,1358.00,1782.00,91
870096-SC,1421.00,1421.00,24
818651-SC,1386.00,3465.00,170
864408-SC,2074.00,2962.73,424
834678-SC,4206.00,6676.75,66
846467-SC,13613.00,18018.00,443
824240-SC,4250.00,4250.00,131
842385-SC,2282.50,4150.00,191
788451-SC,1934.00,1934.00,126
834631-SC,12733.00,12733.00,125
855602-SC,5826.00,5826.00,120
862674-SC,826.00,826.00,74
821446-SC,2545.45,2545.45,362
754605-SC,2706.00,6765.45,57
829162-SC,6474.00,6474.00,81
831290-SC,3675.00,9188.00,55
854369-SC,4356.00,6222.73,408
812060-SC,2561.00,4657.27,308
813889-SC,10790.00,10790.00,421
854169-SC,2182.00,2182.00,174
831466-SC,2634.00,4390.00,224
861745-SC,2253.60,2817.00,8
858401-SC,1481.00,1481.00,327
840939-SC,2530.00,3893.18,29
799443-SC,447.00,958.50,42
850351-SC,5376.00,6720.00,382
799543-SC,1373.00,1373.00,18
812064-SC,3310.00,3310.00,312
816624-SC,330.00,550.00,10
837804-SC,3644.00,5695.23,120
856314-SC,3816.00,4770.00,406
854167-SC,3780.00,3780.00,608
870040-SC,4260.65,8521.31,243
839198-SC,4825.00,6031.82,778
850007-SC,17562.00,25088.18,703
843282-SC,4100.00,6821.00,71
845141-SC,8100.00,12000.00,45
828102-SC,816.00,1255.91,17
835669-SC,555.00,1110.00,31
826236-SC,2181.00,2726.36,169
835647-SC,2614.00,3734.55,435
852285-SC,3085.00,3856.36,121
855130-SC,3001.00,3001.00,174
873661-SC,2311.00,2311.00,78
861379-SC,7510.00,8835.45,1056
873600-SC,5427.00,6784.00,145
867992-SC,1532.00,1915.45,69
812621-SC,2950.00,5900.00,88
861378-SC,9188.00,9188.00,1056
861377-SC,9188.00,9188.00,1056
860386-SC,5724.00,7155.00,176
828736-SC,2631.00,4049.09,19
830917-SC,9709.00,14686.36,126
827926-SC,1941.00,1941.00,36
844340-SC,1310.00,1746.36,17
854484-SC,2583.75,3975.00,128
863834-SC,4488.41,9067.50,285
812555-SC,2280.00,2280.00,371
836439-SC,2800.00,5600.00,238
873709-SC,20739.00,20739.00,447
839210-SC,1437.00,2394.55,29
840606-SC,1630.00,1630.00,319
786173-SC,399.00,399.00,26
811488-SC,6464.00,9245.00,115
844563-SC,2666.00,3554.55,193
864951-SC,10150.00,10150.00,95
858449-SC,10766.00,15380.00,244
870046-SC,3135.70,7044.56,196
882603-SC,5371.00,5968.18,154
863241-SC,1584.00,1584.00,435
818995-SC,1245.00,2490.00,362
839533-SC,2677.09,3346.36,12
858399-SC,836.36,1045.64,39
863242-SC,1431.00,1431.00,328
838770-SC,2338.00,2338.00,341
835558-SC,2806.00,4677.27,341
833917-SC,5196.00,8660.00,164
809581-SC,3591.00,7181.82,369
847628-SC,7718.00,17642.00,264
823306-SC,2042.00,3403.64,339
864650-SC,1912.00,2250.00,13
864040-SC,6264.00,8948.18,95
863096-SC,3178.00,4540.00,624
872084-SC,8942.00,9935.45,55
842755-SC,5088.00,7828.18,359
877789-SC,2270.00,2270.00,450
847056-SC,1157.00,1360.91,87
873278-SC,5406.00,6360.91,173
863921-SC,548.00,644.55,22
858537-SC,17662.00,23550.00,340
848492-SC,2002.00,2860.00,7
831465-SC,5160.00,8600.00,268
828224-SC,617.00,944.55,15
833915-SC,5649.00,9414.55,218
844607-SC,340.00,453.64,19
847055-SC,2096.00,2994.55,428
867401-SC,16220.00,20274.55,200
833916-SC,5196.00,8660.00,164
835116-SC,1787.00,1787.00,76
860474-SC,12380.00,12380.00,105
861531-SC,6071.00,7141.82,476
826964-SC,2990.00,4271.82,471
861822-SC,6835.00,8040.91,352
863502-SC,2919.00,4170.00,341
870974-SC,9072.00,10080.00,53
872425-SC,7070.00,8837.27,408
877411-SC,2319.00,2898.18,312
868452-SC,13855.00,13855.00,84
877591-SC,1048.00,1048.00,337
854261-SC,3287.00,3287.00,531
854260-SC,1950.00,2600.00,531
854258-SC,1950.00,2600.00,531
854259-SC,1950.00,2600.00,531
851124-SC,3704.00,3704.00,538
851126-SC,3985.00,3985.00,128
851127-SC,5282.00,5282.00,172
851128-SC,3812.00,3812.00,167
851132-SC,7897.00,10530.00,534
865358-SC,1143.00,1143.00,32
807353-SC,3739.00,3739.00,354
868044-SC,4557.27,9114.55,75
829020-SC,9925.00,9925.00,115
846998-SC,1768.00,2080.00,181
846997-SC,1768.00,2080.00,181
888438-SC,1528.00,1528.00,10
888439-SC,1528.00,1528.00,10
860547-SC,10496.00,16148.00,120
825004-SC,2713.50,5427.00,158
830929-SC,7727.00,11039.72,97
830666-SC,3627.00,3627.00,275
845133-SC,1139.00,1898.18,79
839981-SC,38025.00,58500.00,695
834754-SC,8449.00,10624.00,82
843043-SC,3427.00,4570.00,35
844573-SC,1586.00,2114.55,124
829279-SC,19444.00,29912.73,470
832252-SC,1390.00,2317.27,341
845132-SC,5949.00,9915.45,393
859155-SC,2101.00,2101.00,65
865255-SC,2580.00,5160.00,424
814188-SC,5848.00,5848.00,366
845127-SC,2393.00,2815.45,114
839370-SC,4921.00,4921.00,110
857639-SC,6967.00,9290.00,361
861212-SC,4968.00,6210.00,150
872389-SC,3880.00,4311.82,12
877414-SC,3807.00,3807.00,371
861213-SC,3480.00,4350.00,169
779647-SC,718.00,12930.00,9
864509-SC,7660.00,9574.55,736
809927-SC,3665.00,7330.00,839
820568-SC,4660.00,7766.36,337
815855-SC,8701.00,14501.82,160
828199-SC,584.00,584.00,26
826750-SC,10800.00,18000.00,84
831373-SC,4450.00,8900.10,39
828185-SC,3188.00,4904.55,153
838368-SC,9450.00,13500.00,128
834413-SC,6035.00,10058.18,405
857320-SC,9688.00,16148.00,113
853566-SC,4743.00,5929.09,260
864510-SC,6300.00,9000.00,736
870255-SC,8449.00,10624.00,82
878422-SC,3347.00,3347.00,75
877338-SC,3290.00,4112.73,583
884536-SC,2061.00,2290.00,177
890246-SC,4093.00,4548.18,601
869063-SC,8396.00,9878.18,82
858482-SC,19735.00,24668.18,220
865542-SC,10496.00,16148.00,105
845495-SC,8074.00,16148.00,120
805733-SC,16227.00,28532.00,115
843290-SC,2169.00,3098.18,316
824658-SC,1527.00,2776.36,40
828197-SC,1686.00,2810.00,732
830927-SC,2282.45,4150.00,191
838573-SC,8992.00,11240.00,53
810679-SC,3474.00,8685.00,60
806005-SC,5036.00,8394.00,85
817006-SC,1440.00,2400.00,24
834226-SC,4205.00,7008.18,473
837566-SC,7596.00,12660.00,321
877594-SC,3697.00,4350.00,553
852579-SC,3036.00,3373.64,261
855154-SC,1529.00,1529.00,139
855145-SC,1753.00,2190.91,20
820166-SC,4792.16,6845.94,961
834225-SC,4205.00,7008.18,473
832755-SC,7308.00,12180.00,66
839646-SC,9278.00,14274.55,1548
856914-SC,1506.00,2151.82,303
889396-SC,5635.00,6260.91,595
864033-SC,817.00,817.00,15
787264-SC,284.00,517.27,12
865034-SC,1176.00,1176.00,5
774516-SC,1404.00,4681.82,293
813995-SC,1043.00,1043.00,81
857085-SC,2815.00,2815.00,348
860948-SC,3558.00,3558.00,258
872294-SC,11643.00,15524.55,591
871012-SC,10909.09,10909.09,168
876882-SC,5100.00,6000.00,959
876692-SC,1720.00,2023.64,18
881511-SC,2516.00,2796.36,138
832039-SC,5939.00,5939.00,70
843233-SC,3712.00,5500.00,136
856915-SC,1872.00,2496.36,303
859049-SC,14768.00,18460.00,185
859050-SC,14768.00,18460.00,185
846062-SC,14113.00,18818.00,77
887369-SC,4209.34,5261.68,149
881571-SC,1607.00,1607.00,309
814295-SC,1873.00,3746.36,16
816704-SC,4573.00,7035.45,34
824479-SC,2611.00,3730.00,392
788477-SC,667.84,1669.60,149
887524-SC,3579.20,4474.00,201
888458-SC,4403.00,4403.00,174
843626-SC,1282.00,1710.00,131
857362-SC,2819.00,3758.18,178
874630-SC,2767.87,3459.84,374
829346-SC,3706.00,5701.82,269
822299-SC,3597.00,5994.55,45
843397-SC,1374.00,1832.73,110
879022-SC,2714.44,3393.05,90
820657-SC,8074.00,16148.00,105
881353-SC,3995.20,4994.00,638
849734-SC,5071.00,7244.55,50
836716-SC,14157.00,21780.00,220
794325-SC,976.91,1953.82,36
804335-SC,623.00,1039.09,132
831148-SC,9272.00,11818.18,592
844628-SC,9234.00,15390.00,120
827272-SC,1123.38,1604.84,19
834391-SC,8366.00,11951.82,88
874763-SC,3825.00,4500.00,83
811444-SC,3209.00,4584.55,278
831354-SC,2338.00,2338.00,336
834674-SC,13822.00,24880.50,334
856975-SC,14040.00,18720.00,130
835341-SC,2400.00,3000.00,298
867405-SC,15147.00,15147.00,80
867390-SC,15147.00,15147.00,80
854081-SC,2476.00,2476.00,343
844112-SC,7890.00,10520.91,70
839645-SC,1027.00,1580.91,10
874632-SC,3093.84,3867.30,235
840518-SC,15513.12,22161.60,413
851771-SC,1356.60,1938.00,408
852691-SC,6046.74,8638.20,694
854532-SC,2281.00,2281.00,61
881078-SC,965.00,965.00,83
792454-SC,1623.84,3247.68,40
853501-SC,13096.30,18709.00,120
806118-SC,369.00,369.00,26
809894-SC,1335.00,2670.00,227
825338-SC,1680.00,2800.00,64
841387-SC,19022.00,30436.00,413
850837-SC,8360.00,10450.00,354
849679-SC,2688.64,3360.80,174
848744-SC,2688.00,3840.00,546
843243-SC,2450.00,36227.27,36
850336-SC,17495.00,28399.00,282
849296-SC,2990.00,4271.82,339
866056-SC,2634.00,3291.82,218
871340-SC,3337.00,3707.27,6
872743-SC,1652.00,1835.45,22
878467-SC,1773.36,2216.70,40
827910-SC,3846.00,7692.50,50
846523-SC,5145.00,5145.00,121
852963-SC,12733.00,12733.00,120
848651-SC,4198.00,5998.18,46
875637-SC,5913.60,7392.00,777
876615-SC,7249.00,8528.18,253
879021-SC,3240.72,4050.90,109
882732-SC,1693.00,2116.36,380
881071-SC,3996.00,4440.00,169
765243-SC,3177.00,3177.00,169
881072-SC,5301.00,5890.00,336
881073-SC,4192.00,4658.18,703
885873-SC,2007.00,2230.00,45
883079-SC,5662.72,5662.72,369
892644-SC,10984.00,13731.00,172
892656-SC,2320.00,2900.92,533
896628-SC,7071.00,10878.18,279
834086-SC,2940.00,4900.00,613
866226-SC,720.00,900.00,42
828486-SC,1462.00,1462.00,133
858219-SC,5355.00,7650.00,619
861259-SC,2776.00,3966.36,260
874631-SC,3081.60,3852.00,124
833596-SC,2144.00,2144.00,195
845494-SC,5348.00,7640.00,110
849313-SC,3420.00,3420.00,184
823461-SC,5820.00,9700.00,95
829487-SC,4965.00,4965.00,767
843826-SC,689.00,689.00,58
852449-SC,12312.00,15390.00,120
857028-SC,2067.00,2067.00,10
854263-SC,9412.00,12550.00,70
859634-SC,8896.00,11120.00,196
876612-SC,16574.00,16574.00,200
889745-SC,2487.60,3109.50,563
866233-SC,3500.00,5000.00,128
877897-SC,318.00,353.64,6
824935-SC,7472.37,10674.82,426
811274-SC,1608.00,3216.36,354
845582-SC,3218.04,4597.20,253
841306-SC,2256.00,2256.00,33
845483-SC,12387.00,12387.00,120
862087-SC,1272.72,1272.72,102
865629-SC,3428.00,4284.55,178
841812-SC,3374.00,3374.00,379
850180-SC,798.00,1140.00,9
806112-SC,3150.00,3150.00,350
869490-SC,4399.00,5499.09,132
857027-SC,11060.00,15800.00,200
832049-SC,2890.60,5781.20,37
844854-SC,636.36,636.36,20
865606-SC,2201.00,2751.82,290
875347-SC,787.00,787.00,22
891048-SC,2700.00,3000.00,136
893104-SC,669.00,669.00,15
832780-SC,2548.07,3640.09,27
840358-SC,11823.00,18190.00,120
845633-SC,13320.00,16650.00,155
865463-SC,1255.00,1255.00,37
861879-SC,4725.00,6750.00,612
874320-SC,6400.00,8000.00,637
873589-SC,12402.00,12402.00,1487
875356-SC,4889.00,4889.00,680
875357-SC,3870.00,3870.00,674
877903-SC,6856.00,7618.18,507
881393-SC,5548.00,5548.00,724
847724-SC,10334.00,12158.18,54
856119-SC,14148.00,17684.55,210
858904-SC,18828.00,23535.45,200
821603-SC,2052.00,3420.00,121
785706-SC,2018.00,5045.45,300
841204-SC,1625.00,2500.00,103
838306-SC,1984.00,2480.00,18
887083-SC,2963.52,2963.52,56
865599-SC,1776.00,2368.18,351
874717-SC,1152.00,1152.00,5
874718-SC,1152.00,1152.00,5
810224-SC,1984.00,3306.36,262
875177-SC,10350.00,10350.00,1273
874719-SC,1152.00,1152.00,5
875353-SC,3417.00,4020.91,107
843238-SC,4957.00,4957.00,172
846740-SC,4722.04,5902.55,121
785705-SC,2018.00,5045.45,300
849891-SC,2396.00,3497.00,15
857551-SC,4252.45,4252.45,169
888525-SC,1202.34,1202.34,134
865716-SC,7046.00,10066.36,379
865033-SC,13200.00,16500.00,186
825010-SC,4873.00,9746.36,208
825009-SC,4873.00,9746.36,233
858559-SC,2074.50,2074.50,232
854986-SC,1841.00,2630.00,232
854305-SC,6141.00,6141.00,110
829782-SC,7700.00,7700.00,279
789668-SC,798.00,798.00,4
822147-SC,2659.00,4431.82,300
824708-SC,2066.40,2952.00,172
837526-SC,5020.00,10040.00,1143
830991-SC,2706.00,2706.00,331
850179-SC,798.00,1140.00,9
883071-SC,1773.00,1773.00,76
900584-SC,481.00,481.00,6
841778-SC,2130.00,2130.00,42
855324-SC,2275.00,2275.00,370
841937-SC,7591.00,10845.00,329
875305-SC,3605.00,4241.82,132
854304-SC,6142.00,6142.00,120
904229-SC,1292.00,1292.00,140
797513-SC,3087.00,3087.00,16
806933-SC,1344.00,1344.00,9
858725-SC,11455.00,11455.00,120
870252-SC,2971.00,3961.82,70
841307-SC,2256.00,2256.00,33
846037-SC,2163.00,2545.45,16
852319-SC,3261.00,3261.00,10
897788-SC,2868.00,2868.00,350
860223-SC,3741.00,3741.00,19
873160-SC,5248.00,5831.82,85
873159-SC,5248.00,5831.82,85
833024-SC,3741.00,3741.00,19
825169-SC,318.00,424.55,5
825171-SC,1604.53,1604.53,130
834712-SC,3628.00,3628.00,635
841703-SC,2925.00,4500.00,124
845824-SC,3238.00,3238.00,243
845835-SC,2409.00,2409.00,130
846323-SC,1726.20,1726.20,229
833217-SC,10124.10,14463.00,116
841664-SC,3472.00,3472.00,398
844419-SC,9688.00,16148.00,133
870998-SC,6571.00,6571.00,20
865603-SC,5009.00,5009.00,129
861421-SC,5737.00,6750.00,959
878430-SC,6385.00,6385.00,409
876496-SC,892.00,2230.00,209
773171-SC,2991.00,2991.00,208
797496-SC,3510.00,3510.00,383
765091-SC,5545.45,5545.45,1001
829519-SC,5043.00,5043.00,86
838879-SC,2886.00,2886.00,299
849969-SC,3616.00,3616.00,396
854598-SC,455.00,455.00,21
855028-SC,956.00,956.00,40
859789-SC,3074.00,3074.00,8
869273-SC,1710.00,1710.00,305
862954-SC,3409.00,4870.00,709
865877-SC,314.00,314.00,11
880733-SC,1712.00,2140.00,371
874713-SC,3851.00,3851.00,180
890317-SC,18734.40,18734.40,184
835780-SC,12049.00,12049.00,54
848770-SC,2961.92,3702.40,413
854181-SC,1087.00,1087.00,203
855621-SC,12049.00,12049.00,54
855623-SC,12049.00,12049.00,54
861552-SC,298.00,298.00,34
860703-SC,837.00,837.00,20
843564-SC,2205.00,3150.00,270
866228-SC,4000.00,5000.00,105
865604-SC,4129.00,4129.00,129
785708-SC,3772.00,3772.00,343
898130-SC,13044.00,13044.00,54
904380-SC,7263.00,7263.00,130
818333-SC,4096.00,4096.00,273
835781-SC,12049.00,12049.00,54
851963-SC,11270.00,11270.00,146
891458-SC,3527.00,3527.00,289
782970-SC,2338.00,2338.00,341
838578-SC,2624.00,3280.00,386
877893-SC,21014.00,23349.09,394
900997-SC,4123.00,4123.00,125
841834-SC,3168.00,3168.00,344
742740-SC,4576.00,4576.00,92
854600-SC,4518.18,4518.18,278
862772-SC,3425.00,3425.00,613
864659-SC,3779.00,3779.00,361
898285-SC,2106.00,2106.00,82
884068-SC,1911.00,1911.00,59
885179-SC,3670.00,3670.00,300
778216-SC,6699.00,6699.00,104
865535-SC,4158.00,4158.00,107
881547-SC,14250.00,28500.00,220
818416-SC,1162.00,1162.00,22
831666-SC,1355.00,1355.00,22
853429-SC,3175.00,3175.00,36
857353-SC,18601.00,23251.82,200
858091-SC,17963.00,17963.00,623
877390-SC,10725.00,14300.00,108
848014-SC,2329.00,3327.27,227
900998-SC,4123.00,4123.00,125
852981-SC,19194.00,19194.00,200
875325-SC,19742.00,24678.00,200
869347-SC,1953.00,1953.00,263
860956-SC,3124.00,3124.00,178
874720-SC,4017.00,4017.00,176
847727-SC,12049.00,12049.00,54
748398-SC,2677.00,2677.00,129
849968-SC,4144.00,4144.00,477
821305-SC,1709.00,1709.00,13
829028-SC,5171.00,7955.45,261
829466-SC,6231.00,6231.00,714
843878-SC,1764.00,1764.00,32
848880-SC,4060.00,4060.00,198
856181-SC,1462.00,1462.00,128
862771-SC,1936.00,1936.00,303
862774-SC,3425.00,3425.00,623
862887-SC,2980.00,2980.00,292
865602-SC,2544.00,2544.00,262
865678-SC,9455.00,11123.64,317
874930-SC,6413.00,6413.00,380
876257-SC,3732.00,3732.00,521
884430-SC,3156.00,3156.00,9
876439-SC,4201.00,4201.00,254
879917-SC,3990.00,3990.00,20
900486-SC,768.00,768.00,27
891381-SC,1356.00,1356.00,26
900999-SC,4123.00,4123.00,125
900996-SC,5649.00,5649.00,220
900187-SC,11519.00,11519.00,416
851780-SC,4178.00,4178.00,46
818267-SC,4144.47,4144.47,440
857351-SC,21167.47,21167.47,195
876090-SC,2174.40,2174.40,45
858719-SC,3285.00,3285.00,255
881389-SC,486.00,486.00,62
911672-SC,486.00,486.00,62
911673-SC,486.00,486.00,62
911674-SC,486.00,486.00,62
911675-SC,486.00,486.00,62
911676-SC,486.00,486.00,62
911677-SC,486.00,486.00,62
855326-SC,2380.00,2380.00,347
868991-SC,4760.00,6800.00,120
909995-SC,763.73,763.73,23
891457-SC,9742.12,9742.12,501
910000-SC,3864.41,3864.41,82
859154-SC,6000.00,8000.00,120
864001-SC,13450.50,13450.50,55
859915-SC,552.60,552.60,8
845533-SC,1448.00,1448.00,138
855415-SC,12880.00,16100.00,108
870945-SC,2966.00,2966.00,123
874714-SC,5181.00,5181.00,138
903559-SC,5469.00,5469.00,48
903560-SC,5469.00,5469.00,48
911671-SC,486.00,486.00,62
905106-SC,1271.00,1271.00,29
825176-SC,1075.00,1075.00,256
873900-SC,4068.20,4068.20,68
859123-SC,8938.42,8938.42,95
835721-SC,9736.00,13909.09,120
892667-SC,5270.00,5270.00,262
881112-SC,2873.00,2873.00,420
838154-SC,11641.00,14551.82,120
902136-SC,13615.00,13615.00,120
890428-SC,12572.00,12572.00,82
842363-SC,392.00,392.00,3
828859-SC,3736.00,3736.00,249
843511-SC,3333.00,3333.00,314
869348-SC,653.00,653.00,95
779905-SC,1739.00,4348.18,724
801724-SC,3901.39,9852.00,1165
892654-SC,3591.00,3591.00,119
898601-SC,2982.00,2982.00,387
737582-SC,5537.00,5537.00,104
824819-SC,1796.00,1796.00,6
827923-SC,5589.00,9315.00,113
909113-SC,5706.00,5706.00,594
850134-SC,9696.00,9696.00,105
833657-SC,10914.00,18190.00,133
865547-SC,12342.00,12342.00,130
846950-SC,1608.00,1608.00,9
846951-SC,1428.00,1428.00,9
738475-SC,925.00,3084.55,263
816323-SC,1604.00,1604.00,183
811858-SC,1633.00,1633.00,171
828954-SC,3864.00,5520.00,239
829917-SC,4029.00,4029.00,136
832438-SC,8046.00,13410.00,373
833061-SC,4087.00,4087.00,124
845185-SC,4014.00,4014.00,422
845444-SC,13240.00,23170.00,345
852420-SC,4453.00,4453.00,38
857652-SC,19194.00,19194.00,160
830547-SC,11931.00,11931.00,94
852692-SC,4543.00,4543.00,67
858799-SC,632.00,632.00,20
875345-SC,4604.40,6028.23,59
874464-SC,2920.00,2920.00,71
878211-SC,3315.00,3900.00,173
845403-SC,12610.98,18015.69,211
835519-SC,2085.00,2085.00,262
804660-SC,10682.00,10682.00,250
847261-SC,584.00,584.00,36
870947-SC,2966.00,2966.00,123
875215-SC,546.00,546.00,45
874351-SC,900.00,900.00,56
881065-SC,2365.00,2365.00,11
888565-SC,3287.00,3287.00,28
898576-SC,2715.00,2715.00,178
897442-SC,11843.00,11843.00,418
905811-SC,2306.00,2306.00,45
906440-SC,3291.00,3291.00,255
909846-SC,3772.00,3772.00,343
790434-SC,2871.00,2871.00,172
786534-SC,2126.00,5314.55,125
767405-SC,1785.00,1785.00,86
861496-SC,3494.00,3494.00,261
862679-SC,7496.00,7496.00,50
865005-SC,2140.00,2140.00,54
867169-SC,1567.00,1567.00,15
868024-SC,3662.00,3662.00,64
870320-SC,13287.00,13287.00,54
909578-SC,4487.55,4487.55,381
863144-SC,12049.00,12049.00,60
812827-SC,3253.00,5915.45,572
904458-SC,868.58,868.58,8
865548-SC,13041.58,13041.58,120
860499-SC,11438.80,11438.80,120
872595-SC,19018.00,23772.73,200
888365-SC,2811.60,2811.60,64
836842-SC,7759.50,7759.50,293
843246-SC,12487.00,16650.00,450
876432-SC,3546.30,3546.30,384
786535-SC,5961.00,5961.00,258
783304-SC,947.00,1894.55,267
829498-SC,1336.38,1336.38,11
834127-SC,7991.67,7991.67,95
806156-SC,253.11,253.11,4
879325-SC,2320.36,2320.36,262
897846-SC,13165.61,13165.61,82
877222-SC,4672.00,4672.00,252
859773-SC,2609.00,2609.00,58
876273-SC,4438.35,4438.35,55
862437-SC,16093.16,16093.16,123
786537-SC,1449.00,1449.00,117
805015-SC,705.00,705.00,37
804517-SC,2001.00,2001.00,203
805478-SC,1551.00,1551.00,98
860849-SC,10496.00,16148.00,112
862438-SC,16393.00,16393.00,160
874348-SC,1006.00,1006.00,41
869090-SC,3593.00,3593.00,327
869083-SC,1093.00,1093.00,21
864999-SC,2355.00,2355.00,203
886682-SC,5678.00,5678.00,431
820802-SC,3472.00,3472.00,140
898971-SC,3366.00,3366.00,29
869082-SC,452.00,452.00,12
910092-SC,883.00,883.00,46
883661-SC,1019.00,1019.00,18
867234-SC,624.00,624.00,35
867835-SC,1336.00,1336.00,11
830845-SC,2932.00,3664.55,198
846475-SC,1138.00,1138.00,10
860508-SC,20657.00,20657.00,365
860490-SC,798.00,798.00,9
864685-SC,10175.00,10175.00,60
868022-SC,985.00,985.00,99
885411-SC,9246.00,9246.00,709
775156-SC,1535.00,3070.00,272
788652-SC,4468.00,4468.00,178
867733-SC,1023.00,1023.00,46
824702-SC,1472.00,1472.00,341
824703-SC,1841.00,1841.00,341
864684-SC,4583.00,4583.00,491
907932-SC,2758.00,2758.00,124
858967-SC,5077.00,5077.00,582
817960-SC,2903.00,2903.00,292
885339-SC,2854.00,2854.00,263
865111-SC,12143.00,15770.91,133
900940-SC,2716.00,2716.00,186
866695-SC,1605.00,1605.00,150
811867-SC,2035.00,2035.00,252
885341-SC,7089.00,7089.00,498
885337-SC,7089.00,7089.00,498
874349-SC,1203.00,1203.00,41
805476-SC,770.00,770.00,13
850892-SC,5088.00,5088.00,67
863390-SC,1038.00,1038.00,9
840796-SC,2442.00,2442.00,117
910334-SC,5399.00,5399.00,112
815257-SC,917.00,917.00,60
865800-SC,1248.00,1248.00,28
905169-SC,2039.00,2039.00,174
877981-SC,4430.00,4430.00,947
790422-SC,1541.00,1541.00,146
805300-SC,1710.00,1710.00,570
880369-SC,2162.00,2162.00,45
866023-SC,442.00,442.00,12
891467-SC,944.00,944.00,48
845531-SC,1645.00,1645.00,100
805479-SC,400.00,400.00,16
837602-SC,1285.00,1285.00,2
838423-SC,4159.00,4159.00,151
860333-SC,2009.00,2009.00,126
897847-SC,12871.00,12871.00,82
912964-SC,5306.00,5306.00,200
862248-SC,4454.00,4454.00,63
860860-SC,13921.00,13921.00,237
875924-SC,10172.00,10172.00,103
847294-SC,1147.00,1147.00,19
858381-SC,16901.00,16901.00,622
859055-SC,5950.00,5950.00,445
854638-SC,3307.00,3307.00,428
852299-SC,5895.00,5895.00,110
865809-SC,1791.00,1791.00,100
867861-SC,15242.00,15242.00,68
873690-SC,2383.00,2383.00,70
900392-SC,2364.00,2364.00,15
863391-SC,1148.00,1148.00,2
867761-SC,2851.00,2851.00,333
858582-SC,3870.00,3870.00,354
850888-SC,1072.00,1072.00,111
900263-SC,12235.00,12235.00,1860
884895-SC,5117.00,5117.00,360
861277-SC,1182.00,1182.00,340
873695-SC,4223.00,4223.00,717
875645-SC,4606.00,4606.00,565
818089-SC,1730.00,1730.00,6
875261-SC,6618.00,6618.00,59
863959-SC,17033.00,17033.00,200
864270-SC,17033.00,17033.00,200
865269-SC,10011.00,10011.00,82
845829-SC,2949.00,2949.00,298
836925-SC,873.00,873.00,5
871777-SC,12387.00,12387.00,133
895145-SC,23227.00,23227.00,220
863476-SC,17774.00,23699.09,220
806638-SC,9494.00,15823.64,230
863278-SC,2405.00,2405.00,125
871646-SC,1000.00,1000.00,32
900401-SC,2868.00,2868.00,62
888566-SC,23636.00,23636.00,947
860619-SC,10258.00,10258.00,105
770948-SC,1344.00,4480.00,263
833712-SC,1011.00,1011.00,32
874881-SC,21899.00,21899.00,200
863367-SC,17033.00,17033.00,200
860509-SC,10258.00,10258.00,105
806159-SC,2300.00,2300.00,108
870734-SC,2372.00,2372.00,243
845202-SC,839.00,839.00,19
817772-SC,643.00,643.00,48
835517-SC,2193.00,2193.00,49
898478-SC,13491.00,13491.00,364
867635-SC,951.00,951.00,111
869121-SC,12049.00,12049.00,54
874501-SC,5571.00,5571.00,22
895355-SC,19291.00,19291.00,173
877298-SC,7491.00,7491.00,120
854296-SC,4060.00,4060.00,437
884050-SC,13189.00,13189.00,105
800186-SC,2590.00,2590.00,24
895352-SC,2282.00,2282.00,114
878950-SC,13878.00,17348.00,120
906735-SC,11500.00,24201.00,220
884431-SC,5959.00,5959.00,135
789600-SC,3582.00,3582.00,37
879019-SC,3599.00,3599.00,149
823561-SC,1528.00,1528.00,128
845195-SC,1728.00,1728.00,66
908822-SC,6244.00,6244.00,177
919727-SC,2268.00,2268.00,9
764679-SC,3352.00,5586.36,597
884896-SC,661.00,661.00,35
911944-SC,22954.00,22954.00,680
872194-SC,6923.00,6923.00,95
827227-SC,5082.00,5082.00,974
848942-SC,1918.00,1918.00,54
806577-SC,3478.00,3478.00,309
842414-SC,1787.00,1787.00,26
863143-SC,12049.00,12049.00,54
869120-SC,12049.00,12049.00,54
869113-SC,12049.00,12049.00,54
869084-SC,6448.00,6448.00,454
795783-SC,12049.00,12049.00,54
876189-SC,669.00,669.00,15
907775-SC,976.00,976.00,5
907769-SC,1207.00,1207.00,123
907766-SC,1748.93,1748.93,368
806579-SC,11695.38,11695.38,669
895350-SC,4796.50,4796.50,172
806576-SC,3402.62,3402.62,170
860513-SC,3945.33,3945.33,726
860514-SC,2981.42,2981.42,235
848945-SC,2152.67,2152.67,138
834713-SC,3765.61,3765.61,402
773172-SC,4450.48,4450.48,204
863012-SC,1127.92,1127.92,57
880239-SC,22828.87,22828.87,165
873091-SC,11186.40,11186.40,105
881611-SC,2422.21,2422.21,174
876256-SC,1127.61,1127.61,58
868810-SC,4611.40,4611.40,123
830191-SC,2040.00,2040.00,10
884238-SC,2988.23,2988.23,87
831649-SC,1046.58,1046.58,44
826471-SC,713.42,713.42,29
877758-SC,3906.57,3906.57,264
831645-SC,757.53,757.53,20
881602-SC,2963.57,2963.57,147
881613-SC,3240.61,3240.61,147
859885-SC,10710.00,10710.00,146
898399-SC,2952.00,2952.00,159
889236-SC,5713.00,5713.00,105
909939-SC,4514.00,4514.00,511
833765-SC,1788.00,1788.00,6
796430-SC,4377.00,4377.00,294
850390-SC,3195.00,3195.00,251
918125-SC,891.00,891.00,132
872256-SC,9875.00,9875.00,77
832758-SC,1546.00,1546.00,9
900276-SC,4575.00,4575.00,551
873694-SC,3225.00,3225.00,579
859760-SC,2065.00,2065.00,387
868664-SC,1523.00,1523.00,128
909129-SC,2164.00,2164.00,250
911325-SC,2164.00,2164.00,259
915922-SC,4026.00,4026.00,65
821094-SC,8793.00,8793.00,105
865755-SC,12387.00,12387.00,120
851428-SC,1567.00,1567.00,21
784417-SC,1799.00,2462.00,818
907772-SC,977.00,977.00,99
869213-SC,7366.00,7366.00,254
878801-SC,1861.00,1861.00,18
877741-SC,10145.00,12681.00,110
861559-SC,10013.00,10013.00,87
875449-SC,4474.00,4474.00,495
873372-SC,2902.00,2902.00,15
873692-SC,396.00,396.00,29
868496-SC,1190.00,1190.00,225
864764-SC,3120.00,3120.00,294
910577-SC,2746.00,2746.00,57
843845-SC,2452.00,2452.00,81
873056-SC,2674.00,2674.00,136
907774-SC,2923.00,2923.00,61
898820-SC,6793.00,6793.00,60
888168-SC,13958.00,13958.00,931
877132-SC,13958.00,13958.00,901
875987-SC,3158.00,3158.00,427
873084-SC,2155.00,2155.00,199
869219-SC,1451.00,1451.00,283
900781-SC,1870.00,1870.00,264
910574-SC,4087.00,4087.00,97
874305-SC,17033.00,17033.00,180
877682-SC,21899.00,21899.00,180
811628-SC,8793.00,8793.00,105
873558-SC,10258.00,10258.00,79
891335-SC,2848.00,2848.00,166
905651-SC,879.00,879.00,66
879606-SC,5279.00,5279.00,309
807660-SC,5366.00,5366.00,256
895356-SC,5211.00,5211.00,36
823739-SC,11305.00,11305.00,375
884892-SC,2337.00,2750.00,360
908829-SC,21312.00,21312.00,95
857667-SC,2353.00,2353.00,21
896499-SC,9847.00,9847.00,110
886349-SC,14530.00,14530.00,227
890826-SC,1692.00,1692.00,90
914118-SC,4141.00,4141.00,51
892967-SC,14727.00,14727.00,731
837601-SC,2412.00,2412.00,14
823726-SC,2520.00,2520.00,13
809459-SC,1705.00,1705.00,161
883397-SC,8250.00,8250.00,539
855566-SC,6360.00,6360.00,110
868712-SC,3987.00,3987.00,65
837082-SC,3374.00,3374.00,77
873776-SC,4060.00,4060.00,394
869636-SC,21069.00,21069.00,287
871593-SC,21069.00,21069.00,287
861884-SC,6731.00,6731.00,613
846533-SC,1333.00,1333.00,82
817463-SC,15136.36,15136.36,806
867759-SC,1428.00,1428.00,14
881420-SC,8542.00,8542.00,237
861498-SC,1428.00,1428.00,10
799260-SC,2070.00,3450.00,363
865395-SC,4407.00,4407.00,71
861265-SC,4284.00,4284.00,63
876191-SC,764.00,764.00,35
879682-SC,7503.00,7503.00,607
849192-SC,1694.00,2117.27,446
914991-SC,5562.00,5562.00,903
857527-SC,10258.00,10258.00,133
838222-SC,10258.00,10258.00,105
891347-SC,23189.00,23189.00,220
870171-SC,4550.00,4550.00,229
905649-SC,518.00,518.00,20
914642-SC,3536.00,3536.00,179
869112-SC,12049.00,12049.00,54
806580-SC,10575.00,10575.00,669
871594-SC,21559.00,21559.00,287
914644-SC,5017.00,5017.00,419
808513-SC,1392.00,2784.55,362
877184-SC,3116.00,3116.00,674
891205-SC,2370.00,2370.00,389
851922-SC,15533.00,15533.00,853
897542-SC,5760.00,5760.00,51
885068-SC,1831.00,1831.00,105
869467-SC,4984.00,4984.00,640
855806-SC,5464.80,5464.80,53
899074-SC,7103.00,7103.00,178
912965-SC,4113.00,4113.00,200
914994-SC,5382.00,5382.00,649
853232-SC,1579.00,1579.00,431
867641-SC,2604.00,2604.00,181
867642-SC,2604.00,2604.00,181
867643-SC,2604.00,2604.00,181
845198-SC,3791.00,3791.00,687
842691-SC,10152.00,10152.00,150
861943-SC,2643.00,2643.00,519
837079-SC,2254.00,2254.00,97
872652-SC,4543.00,4543.00,210
858134-SC,2559.00,2559.00,339
881605-SC,3542.00,3542.00,340
842551-SC,10258.00,10258.00,115
877177-SC,1385.00,1385.00,386
920940-SC,2443.00,2443.00,380
839069-SC,2312.00,2890.00,434
876421-SC,2396.00,2396.00,15
905105-SC,1196.00,1196.00,29
868383-SC,2958.00,2958.00,802
876141-SC,1854.00,1854.00,407
876145-SC,1102.00,1102.00,10
876146-SC,1102.00,1102.00,10
900932-SC,4261.00,4261.00,311
910033-SC,7983.00,7983.00,764
867687-SC,2790.00,2790.00,25
861191-SC,6194.00,6194.00,745
858135-SC,2559.00,2559.00,339
798896-SC,2451.00,2451.00,316
859302-SC,3095.00,3095.00,72
807964-SC,3263.00,3263.00,230
885859-SC,4062.00,4062.00,348
874810-SC,9228.00,9228.00,446
902111-SC,5490.00,5490.00,162
855754-SC,1787.00,1787.00,21
831650-SC,3636.00,3636.00,167
906397-SC,2234.00,2234.00,183
825442-SC,1602.00,1602.00,271
891094-SC,1018.00,1018.00,22
810829-SC,1038.00,1038.00,207
886220-SC,1171.00,1171.00,90
869412-SC,1149.00,1149.00,81
874211-SC,615.00,615.00,91
837081-SC,6687.00,6687.00,267
874210-SC,2935.00,2935.00,251
806795-SC,5994.00,5994.00,350
875022-SC,916.00,916.00,237
845391-SC,2807.00,2807.00,399
857641-SC,18066.00,18066.00,220
829494-SC,975.00,975.00,10
757459-SC,2546.00,2546.00,323
829496-SC,975.00,975.00,10
855254-SC,1605.00,1605.00,76
861065-SC,1926.00,1926.00,207
859772-SC,1819.00,1819.00,235
843091-SC,3253.00,3253.00,10
887358-SC,12039.00,12039.00,379
914600-SC,3114.00,3114.00,162
866130-SC,10710.00,10710.00,146
890205-SC,907.00,907.00,82
837083-SC,2457.00,2457.00,501
858133-SC,817.00,817.00,36
925830-SC,2309.00,2309.00,9
854742-SC,1982.00,1982.00,252
858136-SC,2559.00,2559.00,339
867682-SC,2234.00,2234.00,424
722946-SC,5834.00,5834.00,79
868840-SC,13855.00,13855.00,115
868841-SC,13855.00,13855.00,115
889200-SC,12745.00,12745.00,193
869980-SC,10258.00,10258.00,105
899631-SC,2814.00,2814.00,60
813030-SC,2809.00,2809.00,390
837525-SC,5020.00,10040.00,1143
764475-SC,3465.00,3465.00,63
874616-SC,2310.00,2310.00,20
857857-SC,764.00,764.00,36
906064-SC,15460.00,15460.00,256
901805-SC,5843.00,5843.00,371
905004-SC,6210.00,6210.00,298
825946-SC,1741.00,1741.00,379
917572-SC,3020.00,3020.00,613
821972-SC,2197.00,2197.00,172
868656-SC,967.00,967.00,44
824697-SC,3720.00,3720.00,619
863580-SC,7404.00,7404.00,260
867027-SC,681.00,681.00,86
808917-SC,2301.00,2301.00,255
817820-SC,10317.00,10317.00,237
831644-SC,1758.00,1758.00,120
886219-SC,2300.00,2300.00,108
853699-SC,2047.00,2047.00,66
889414-SC,1123.00,1123.00,101
899490-SC,1962.00,1962.00,31
845823-SC,2604.00,2604.00,243
832279-SC,2100.00,2100.00,241
852772-SC,3444.00,4305.45,261
870158-SC,6141.00,6141.00,110
879140-SC,7042.00,7042.00,30
913401-SC,1149.00,1149.00,34
860069-SC,12852.00,12852.00,103
869637-SC,21069.00,21069.00,287
891095-SC,1053.00,1053.00,30
866700-SC,2636.00,2636.00,25
915399-SC,4271.00,4271.00,37
866032-SC,5383.00,5383.00,220
871613-SC,2258.00,2258.00,86
780740-SC,3945.00,3945.00,617
827997-SC,2475.00,2475.00,71
895998-SC,7374.00,7374.00,394
868572-SC,14644.00,14644.00,76
868168-SC,1855.00,1855.00,36
873789-SC,6121.00,6121.00,105
909855-SC,12696.00,12696.00,60
887359-SC,8751.00,8751.00,81
922958-SC,3474.00,3474.00,606
923094-SC,2643.00,2643.00,261
827540-SC,4006.00,4006.00,190
858139-SC,3850.00,3850.00,363
863276-SC,11084.00,13855.00,82
874119-SC,409.00,409.00,406
910170-SC,2356.00,2356.00,365
871694-SC,1277.00,1277.00,287
871696-SC,1277.00,1277.00,287
871697-SC,1277.00,1277.00,287
895108-SC,2309.00,2309.00,6
863577-SC,3042.00,3042.00,136
863578-SC,6387.00,6387.00,172
863579-SC,6387.00,6387.00,172
804215-SC,2892.00,2892.00,390
871693-SC,1277.00,1277.00,287
851613-SC,1545.00,1545.00,175
862156-SC,1316.00,1316.00,150
862157-SC,1375.00,1375.00,116
898389-SC,1123.00,1123.00,5
898390-SC,1123.00,1123.00,5
869652-SC,444.00,444.00,7
869653-SC,444.00,444.00,7
806758-SC,5179.00,5179.00,419
876333-SC,3876.00,3876.00,136
866126-SC,2702.00,2702.00,220
868515-SC,2257.00,2257.00,200
876978-SC,4200.00,4200.00,39
878420-SC,3064.00,3064.00,28
861233-SC,6460.00,6460.00,68
880269-SC,269.00,269.00,30
878421-SC,1499.00,1499.00,2
897543-SC,5760.00,5760.00,30
873370-SC,2396.00,3497.00,15
856450-SC,1499.00,1499.00,2
866667-SC,1521.00,1521.00,276
889290-SC,3803.00,3803.00,802
869466-SC,7692.00,7692.00,646
891714-SC,8590.00,8590.00,97
866665-SC,1040.00,1040.00,15
881390-SC,4876.00,4876.00,515
820659-SC,2444.00,2444.00,382
865575-SC,2050.00,6750.00,342
862154-SC,2715.00,2715.00,710
858952-SC,17084.00,30751.20,1793
835326-SC,10618.00,10618.00,120
880033-SC,2250.00,2250.00,26
877547-SC,12387.00,12387.00,120
880035-SC,11931.00,11931.00,233
858131-SC,1007.00,1007.00,9
874611-SC,1007.00,1007.00,9
874612-SC,1007.00,1007.00,9
872106-SC,1355.00,1355.00,127
841911-SC,1397.00,1397.00,175
917300-SC,7949.00,7949.00,417
927454-SC,1450.00,1450.00,26
917299-SC,6853.00,6853.00,313
831665-SC,1092.00,1092.00,21
919220-SC,3545.00,3545.00,59
855383-SC,877.00,877.00,103
867683-SC,2234.00,2234.00,424
887004-SC,2332.00,2332.00,376
862908-SC,1568.00,1568.00,195
899243-SC,1697.00,1697.00,239
909749-SC,3129.00,3129.00,169
920432-SC,22120.00,22120.00,281
910557-SC,11337.00,11337.00,247
882530-SC,15165.00,15165.00,115
831366-SC,2145.00,2145.00,235
855349-SC,12199.00,12199.00,180
902462-SC,9337.00,9337.00,93
829495-SC,975.00,975.00,10
909763-SC,4992.00,4992.00,183
858053-SC,3949.00,3949.00,207
848491-SC,5826.00,5826.00,120
876442-SC,2396.00,2396.00,15
836734-SC,1317.00,1317.00,246
821321-SC,3376.00,3376.00,260
831374-SC,904.00,904.00,11
862903-SC,516.00,516.00,24
874118-SC,1982.00,1982.00,332
860628-SC,17033.00,17033.00,200
838314-SC,10618.00,10618.00,120
878842-SC,10258.00,10258.00,77
859124-SC,17495.00,28399.00,266
853335-SC,18066.00,18066.00,245
862906-SC,1084.00,1084.00,57
891529-SC,6054.00,6054.00,67
872696-SC,1847.00,1847.00,51
872695-SC,1847.00,1847.00,51
841046-SC,9568.00,9568.00,82
866031-SC,6545.00,6545.00,184
865078-SC,2210.00,2210.00,442
845962-SC,2205.00,13855.00,175
867684-SC,2783.00,2783.00,347
829783-SC,2067.00,2067.00,9
853969-SC,3374.00,3374.00,391
869290-SC,3679.00,3679.00,181
878658-SC,430.00,430.00,12
876207-SC,959.00,959.00,81
829808-SC,10618.00,10618.00,120
868453-SC,12387.00,12387.00,120
895188-SC,3082.00,3082.00,183
898724-SC,3946.00,3946.00,577
843012-SC,2237.00,2237.00,341
832636-SC,6545.00,6545.00,18
883667-SC,2141.00,2141.00,199
870408-SC,6996.00,6996.00,130
846728-SC,9163.00,9163.00,93
928221-SC,3145.44,3145.44,393
845980-SC,2125.00,2125.00,39
870620-SC,1125.00,1125.00,128
882225-SC,2485.00,2485.00,260
882197-SC,819.00,819.00,75
896595-SC,4662.00,4662.00,594
899160-SC,3068.00,3068.00,57
890236-SC,17858.00,17858.00,79
867153-SC,5028.00,5028.00,62
867151-SC,3730.00,3730.00,47
923414-SC,4264.00,4264.00,390
865754-SC,1898.00,1898.00,9
886277-SC,2300.00,2300.00,106
877521-SC,1042.00,1042.00,183
861096-SC,1965.00,1965.00,424
877520-SC,1779.00,1779.00,399
810828-SC,1178.00,1178.00,135
918663-SC,2404.00,2404.00,185
890965-SC,3999.00,3999.00,48
877975-SC,4291.00,4291.00,507
856610-SC,3878.00,3878.00,437
763538-SC,3234.00,3234.00,406
780355-SC,6659.00,6659.00,343
875502-SC,2471.00,2471.00,149
875503-SC,2471.00,2471.00,149
857740-SC,12561.00,12561.00,334
833044-SC,1383.00,1383.00,15
919305-SC,6473.00,6473.00,519
898726-SC,1344.00,1344.00,239
898727-SC,1344.00,1344.00,239
850042-SC,2940.00,2940.00,583
860116-SC,1998.00,1998.00,69
832273-SC,5596.00,5596.00,378
881119-SC,3494.00,3494.00,806
845975-SC,1481.00,1481.00,323
901041-SC,862.00,862.00,32
856672-SC,5742.00,5742.00,833
856671-SC,5742.00,5742.00,833
869640-SC,2182.00,2182.00,376
897009-SC,2149.00,2149.00,408
859271-SC,3127.00,3127.00,421
805212-SC,753.00,753.00,6
845979-SC,3374.00,3374.00,78
891855-SC,18699.00,18699.00,79
878852-SC,9584.00,9584.00,82
913855-SC,2398.00,2398.00,220
886278-SC,1883.00,1883.00,341
834939-SC,2572.00,2572.00,172
861099-SC,1965.00,1965.00,424
894578-SC,2419.00,2419.00,277
876144-SC,2029.00,2029.00,312
904628-SC,12085.45,12085.45,483
920737-SC,2287.00,2287.00,620
920738-SC,2287.00,2287.00,620
865647-SC,1519.00,1519.00,295
923407-SC,9039.00,9039.00,353
818632-SC,4023.00,4023.00,166
929875-SC,2635.00,2635.00,566
821230-SC,2066.00,3443.64,10
730473-SC,10558.00,10558.00,400
790715-SC,1153.00,1153.00,272
817469-SC,3237.00,3237.00,540
814456-SC,3642.00,3642.00,422
892606-SC,6381.00,6381.00,95
906204-SC,815.00,815.00,87
916398-SC,5345.00,5345.00,181
885446-SC,2858.00,2858.00,292
916397-SC,2208.00,2208.00,349
925610-SC,6963.00,6963.00,528
920238-SC,8991.00,8991.00,60
877204-SC,6520.00,6520.00,50
897003-SC,10058.00,10058.00,60
925042-SC,3927.00,3927.00,95
830437-SC,12406.00,12406.00,229
873260-SC,2116.00,2116.00,732
866239-SC,1916.00,1916.00,405
856402-SC,7375.00,7375.00,928
850124-SC,1487.00,1487.00,5
832768-SC,1941.00,1941.00,32
831356-SC,1941.00,1941.00,31
816231-SC,9702.00,9702.00,76
849805-SC,3738.00,3738.00,45
920939-SC,8680.00,8680.00,437
887775-SC,1129.00,1129.00,36
878800-SC,5144.00,5144.00,47
919188-SC,7295.00,7295.00,187
828565-SC,1578.00,1578.00,48
821237-SC,2068.00,2068.00,293
862727-SC,1141.00,1141.00,22
867487-SC,14543.00,14543.00,80
927442-SC,13986.00,13986.00,672
821232-SC,2127.00,2127.00,376
860788-SC,2626.00,2626.00,674
874405-SC,13855.00,13855.00,82
860792-SC,2058.00,2058.00,232
892043-SC,12420.00,12420.00,514
913856-SC,4524.00,4524.00,132
875904-SC,3820.00,3820.00,620
861942-SC,3392.00,3392.00,500
875903-SC,4410.00,4410.00,695
858052-SC,3949.00,3949.00,207
835467-SC,4925.00,4925.00,99
869111-SC,2065.00,2065.00,385
856669-SC,2660.00,2660.00,374
880270-SC,2727.00,2727.00,341
878605-SC,2870.00,17400.00,373
815580-SC,2162.00,2162.00,480
910767-SC,29880.00,29880.00,943
863376-SC,5051.00,5051.00,781
885450-SC,1665.00,1665.00,200
899062-SC,9056.00,9056.00,270
821228-SC,2097.00,2097.00,317
883601-SC,8209.00,8209.00,128
865641-SC,2823.00,2823.00,419
824919-SC,2065.00,2065.00,423
928811-SC,5180.00,5180.00,359
890678-SC,3690.00,3690.00,895
795449-SC,1224.00,1224.00,10
881159-SC,3103.00,3103.00,27
902842-SC,5400.00,5400.00,431
869944-SC,5144.00,5144.00,30
881743-SC,9568.00,9568.00,82
786533-SC,10359.00,10359.00,140
829095-SC,6351.00,6351.00,60
916399-SC,9139.00,9139.00,52
802980-SC,20700.00,20700.00,107
869622-SC,869.00,869.00,10
864085-SC,869.00,869.00,19
863063-SC,2253.00,2253.00,64
931246-SC,25310.00,25310.00,514
912028-SC,2076.00,2076.00,48
903554-SC,3717.00,3717.00,101
864083-SC,545.00,545.00,62
903552-SC,3222.00,3222.00,185
898125-SC,2305.00,2305.00,117
898124-SC,1940.00,1940.00,124
858220-SC,6433.00,9190.00,804
877173-SC,17033.00,17033.00,200
856075-SC,10258.00,10258.00,150
875907-SC,12387.00,12387.00,120
873271-SC,1804.00,1804.00,136
923418-SC,2069.00,2069.00,70
883582-SC,10960.00,10960.00,110
886173-SC,5826.00,5826.00,110
906924-SC,7895.00,7895.00,120
862891-SC,3616.00,3616.00,79
876420-SC,6923.00,6923.00,95
898725-SC,3946.00,3946.00,577
910278-SC,3950.00,3950.00,217
881603-SC,5051.00,5051.00,706
831358-SC,1656.00,1656.00,349
879069-SC,17033.00,17033.00,165
882200-SC,2064.00,2064.00,193
861968-SC,2116.00,2116.00,732
802308-SC,2752.00,2752.00,167
824065-SC,2892.00,2892.00,391
904984-SC,456.00,456.00,24
879149-SC,17033.00,17033.00,200
873259-SC,2116.00,2116.00,732
813672-SC,2454.00,2454.00,59
916297-SC,1554.00,1554.00,121
916298-SC,1695.00,1695.00,121
897011-SC,1507.00,1507.00,120
819036-SC,1521.00,1521.00,614
843704-SC,3480.00,3480.00,617
905691-SC,2404.00,2404.00,275
843025-SC,2878.00,2878.00,742
906205-SC,2652.00,2652.00,230
850125-SC,1773.00,1773.00,263
926046-SC,2638.00,2638.00,216
915517-SC,2721.00,2721.00,732
900835-SC,2549.00,2549.00,196
880503-SC,1129.00,1129.00,4
918396-SC,1967.00,1967.00,156
876735-SC,1890.00,1890.00,150
860795-SC,2720.00,2720.00,362
838733-SC,978.00,978.00,20
863092-SC,3035.00,3035.00,674
845029-SC,11875.00,11875.00,82
874406-SC,13855.00,13855.00,82
848704-SC,15812.00,15812.00,618
785359-SC,12466.00,12466.00,77
842635-SC,5274.00,5274.00,772
875173-SC,3171.00,3171.00,195
885448-SC,3730.00,3730.00,44
867132-SC,17017.00,17017.00,200
867133-SC,17017.00,17017.00,200
858137-SC,2279.00,2279.00,471
782666-SC,2454.00,2454.00,59
798416-SC,3045.00,3045.00,229
906126-SC,2440.00,2440.00,241
843026-SC,5754.00,5754.00,1121
872920-SC,12199.00,12199.00,180
882994-SC,12199.00,12199.00,180
899692-SC,3076.00,3076.00,582
891290-SC,462.00,462.00,11
860040-SC,3159.00,3159.00,44
838738-SC,798.00,798.00,5
905875-SC,1818.00,1818.00,25
858072-SC,1184.00,1184.00,291
904661-SC,1273.00,1273.00,74
883281-SC,1910.00,1910.00,30
865482-SC,1681.00,1681.00,31
880678-SC,2609.00,2609.00,719
877853-SC,2101.00,2101.00,561
880683-SC,2101.00,2101.00,561
862899-SC,2796.00,2796.00,169
884584-SC,2323.00,2323.00,253
865642-SC,3301.00,3301.00,129
861098-SC,4638.00,4638.00,144
837078-SC,1910.00,1910.00,167
908824-SC,1023.00,1317.78,41
902161-SC,1470.00,1470.00,40
915606-SC,3935.00,3935.00,130
915602-SC,4995.00,4995.00,258
922096-SC,4338.00,4338.00,390
922095-SC,2904.00,2904.00,390
863552-SC,23043.00,23043.00,1396
888024-SC,3554.00,3554.00,41
883070-SC,2575.00,2575.00,41
910087-SC,2876.00,2876.00,374
814882-SC,5115.00,5115.00,50
806641-SC,1820.00,1820.00,87
829277-SC,3392.00,3392.00,255
879010-SC,2070.00,2070.00,119
888382-SC,1411.00,1411.00,431
900834-SC,9027.00,9027.00,128
913066-SC,34200.00,34200.00,230
890373-SC,2241.00,2241.00,298
907289-SC,1992.00,1992.00,263
907291-SC,2601.00,2601.00,263
858528-SC,576.00,576.00,48
865789-SC,1811.00,1811.00,75
876740-SC,1750.00,1750.00,159
903875-SC,3536.00,3536.00,188
920595-SC,675.00,675.00,201
871480-SC,2571.00,2571.00,278
876608-SC,3640.00,3640.00,463
833139-SC,2031.00,2031.00,424
898129-SC,1161.00,1161.00,39
809330-SC,10320.00,10320.00,392
887917-SC,5423.00,5423.00,30
891208-SC,13021.00,13021.00,1133
864080-SC,1332.00,1332.00,19
762837-SC,1868.00,3735.45,407
789167-SC,4840.00,4840.00,487
876734-SC,3500.00,3500.00,361
875299-SC,2130.00,2130.00,86
909167-SC,4299.00,4299.00,901
880795-SC,2839.00,2839.00,423
880794-SC,2839.00,2839.00,423
909168-SC,2355.00,2355.00,298
922042-SC,3339.00,3339.00,281
819488-SC,2863.00,2863.00,680
860793-SC,2058.00,2058.00,232
860786-SC,3049.00,3049.00,674
933746-SC,7945.00,7945.00,399
842557-SC,6810.00,6810.00,394
915605-SC,12752.00,12752.00,348
808510-SC,1932.00,1932.00,129
862898-SC,2254.00,2254.00,129
851926-SC,9568.00,9568.00,195
875020-SC,5846.00,5846.00,170
929050-SC,15549.77,15549.77,336
906543-SC,2676.00,2676.00,210
812975-SC,3041.00,3041.00,485
903663-SC,7049.00,7049.00,349
934676-SC,18886.49,18886.49,452
814448-SC,2378.00,2378.00,116
875477-SC,7165.00,7165.00,268
885667-SC,13855.00,13855.00,82
880835-SC,13855.00,13855.00,82
869110-SC,3136.00,3136.00,770
853970-SC,2257.00,2257.00,126
798363-SC,8328.00,8328.00,1391
915150-SC,6381.00,6381.00,307
862900-SC,3802.00,3802.00,128
829843-SC,5610.00,5610.00,304
915604-SC,5042.00,5042.00,258
907288-SC,3534.00,3534.00,292
881604-SC,2526.00,2526.00,349
903777-SC,3112.00,3112.00,174
880675-SC,2420.00,2420.00,175
880687-SC,2420.00,2420.00,175
877851-SC,2420.00,2420.00,175
880701-SC,2420.00,2420.00,175
871343-SC,3062.00,3062.00,7
871347-SC,2899.00,2899.00,7
903778-SC,8185.00,8185.00,391
798414-SC,2823.00,2823.00,426
915171-SC,241.00,241.00,67
855430-SC,1042.00,1042.00,184
876891-SC,1804.00,1804.00,138
867566-SC,945.00,945.00,58
915149-SC,1078.00,1078.00,67
915161-SC,1607.00,1607.00,96
868628-SC,946.00,946.00,59
915145-SC,1979.00,1979.00,194
845856-SC,3150.00,3150.00,250
907290-SC,2186.00,2186.00,348
880688-SC,1971.00,1971.00,205
880681-SC,2849.00,2849.00,414
878791-SC,4953.00,4953.00,820
829835-SC,2821.00,2821.00,440
862931-SC,2253.00,2253.00,64
929779-SC,33970.00,33970.00,530
868803-SC,1883.00,1883.00,389
872457-SC,2857.00,2857.00,563
875849-SC,1249.00,1249.00,205
868805-SC,1166.00,1166.00,81
894119-SC,2367.00,2367.00,48
859432-SC,3295.00,3295.00,293
908079-SC,4482.00,4482.00,323
875070-SC,6937.00,6937.00,1273
891289-SC,3867.00,3867.00,527
880792-SC,2164.00,2164.00,613
915761-SC,1340.00,1340.00,193
858527-SC,5039.00,5039.00,618
928240-SC,2103.00,2103.00,232
812901-SC,2391.00,2391.00,352
771788-SC,2391.00,2391.00,352
877438-SC,16413.00,16413.00,141
913696-SC,9851.00,9851.00,166
928826-SC,25172.00,25172.00,141
869504-SC,2716.00,2716.00,266
859212-SC,1708.00,1708.00,281
891893-SC,3534.00,3534.00,292
860787-SC,3301.00,3301.00,129
856923-SC,2290.00,2290.00,65
890491-SC,874.00,874.00,90
865793-SC,2087.00,2087.00,113
864335-SC,7088.00,7088.00,55
848236-SC,2074.00,2074.00,174
864334-SC,3527.00,3527.00,802
885973-SC,828.00,828.00,27
865573-SC,7481.00,7481.00,800
899459-SC,5160.00,5160.00,43
852882-SC,608.00,608.00,25
922043-SC,3339.00,3339.00,281
868666-SC,2291.00,2291.00,235
904002-SC,5503.00,5503.00,65
898639-SC,836.00,836.00,84
820860-SC,2643.00,2643.00,110
898634-SC,644.00,644.00,31
883023-SC,17033.00,17033.00,177
885793-SC,12387.00,12387.00,133
840811-SC,2902.00,2902.00,437
875851-SC,13860.00,13860.00,427
859970-SC,2240.00,2240.00,117
772394-SC,1678.00,1678.00,42
813508-SC,8793.00,8793.00,105
872775-SC,9945.00,9945.00,82
857076-SC,5733.00,5733.00,73
894520-SC,7491.00,7491.00,120
898178-SC,7491.00,16650.00,120
884599-SC,7663.00,7663.00,120
861097-SC,5541.00,5541.00,251
825878-SC,4040.00,4040.00,84
916751-SC,7270.00,7270.00,80
891895-SC,3463.00,3463.00,261
856333-SC,4165.00,4165.00,52
893929-SC,2742.00,2742.00,163
910128-SC,3526.00,3526.00,157
930227-SC,9409.79,9409.79,33
874040-SC,3841.00,3841.00,94
889391-SC,10230.00,10230.00,516
868821-SC,1705.00,1705.00,233
910786-SC,6687.00,6687.00,24
812565-SC,3285.00,3285.00,168
903556-SC,837.00,837.00,19
868668-SC,2533.00,2533.00,346
913084-SC,3468.00,3468.00,71
853889-SC,7553.00,7553.00,81
862391-SC,7553.00,7553.00,103
818093-SC,1728.00,1728.00,283
907156-SC,4091.00,4091.00,10
923426-SC,2320.00,2320.00,127
927345-SC,5968.00,5968.00,50
835527-SC,3070.00,3070.00,352
894818-SC,2230.00,2230.00,16
900962-SC,3698.00,3698.00,338
922733-SC,2817.00,2817.00,151
906748-SC,2547.00,2547.00,6
911323-SC,4164.00,4164.00,563
906747-SC,2288.00,2288.00,6
884682-SC,3160.00,3160.00,387
911324-SC,6123.00,6123.00,263
898474-SC,6646.00,6646.00,239
882621-SC,1864.00,1864.00,35
900961-SC,12787.00,12787.00,84
915603-SC,4596.00,4596.00,172
887074-SC,5915.00,5915.00,332
893846-SC,670.00,670.00,25
825875-SC,5527.00,5527.00,289
868136-SC,479.00,479.00,8
874423-SC,26780.00,26780.00,680
898633-SC,400.00,400.00,20
930758-SC,978.00,978.00,54
860783-SC,6727.00,6727.00,335
922664-SC,2897.00,2897.00,65
891902-SC,1945.00,1945.00,347
891901-SC,1939.00,1939.00,347
876728-SC,2547.00,2547.00,127
876729-SC,2547.00,2547.00,127
867152-SC,5028.00,5028.00,62
916396-SC,4360.00,4360.00,59
828519-SC,716.00,716.00,15
890493-SC,345.00,345.00,21
895402-SC,2498.00,2498.00,262
885670-SC,5362.00,5362.00,94
895977-SC,792.00,792.00,86
825625-SC,11448.00,11448.00,266
898121-SC,3771.00,3771.00,311
873691-SC,4199.00,4199.00,232
880443-SC,3770.00,3770.00,232
911214-SC,12531.00,12531.00,89
772366-SC,2700.00,2700.00,341
800549-SC,1525.00,1525.00,399
929977-SC,5454.00,5454.00,167
863301-SC,10446.00,10446.00,522
878893-SC,17050.00,17050.00,200
876216-SC,6620.00,6620.00,80
894425-SC,9568.00,9568.00,82
902324-SC,9613.00,9613.00,141
917226-SC,5097.00,5097.00,930
900484-SC,1894.00,1894.00,235
868667-SC,2291.00,2291.00,235
875152-SC,1849.00,1849.00,347
856166-SC,16750.00,26483.00,530
884437-SC,2538.00,2538.00,179
879812-SC,11362.00,11362.00,105
773012-SC,1543.00,1543.00,68
876217-SC,566.00,566.00,123
877857-SC,331.00,331.00,37
883398-SC,7262.00,7262.00,93
891909-SC,1483.00,1483.00,431
907192-SC,882.00,882.00,35
908608-SC,390.00,390.00,15
834672-SC,3302.00,3302.00,41
901457-SC,7491.00,7491.00,77
842634-SC,4794.00,4794.00,622
884681-SC,6144.00,6144.00,396
856289-SC,1116.00,1116.00,112
850318-SC,810.00,810.00,12
922857-SC,6422.00,6422.00,47
838113-SC,6110.00,6110.00,109
936175-SC,9553.00,9553.00,402
800508-SC,1142.00,1142.00,16
868177-SC,2500.00,2500.00,266
868652-SC,4039.00,4039.00,680
916116-SC,5221.00,5221.00,107
809175-SC,1912.00,1912.00,16
879591-SC,721.00,721.00,17
878771-SC,918.00,918.00,83
878769-SC,964.00,964.00,32
798420-SC,3125.00,6250.00,826
866597-SC,1384.00,1384.00,16
910759-SC,5746.00,5746.00,105
836431-SC,1542.00,1542.00,20
916752-SC,2313.00,2313.00,26
898703-SC,3179.00,3179.00,28
910685-SC,10995.00,10995.00,810
897369-SC,21921.00,21921.00,165
874500-SC,1526.00,1526.00,305
938298-SC,479.00,479.00,5
915156-SC,605.00,605.00,5
915157-SC,299.00,299.00,18
893896-SC,707.00,707.00,53
915147-SC,2141.00,2141.00,199
897982-SC,3157.00,3157.00,747
836748-SC,1265.00,1265.00,79
846427-SC,3628.00,3628.00,337
897964-SC,3182.00,3182.00,343
900483-SC,1894.00,1894.00,235
865122-SC,1929.00,1929.00,251
830631-SC,1653.00,1653.00,251
867728-SC,838.00,838.00,49
915687-SC,2179.00,2179.00,82
925874-SC,3511.00,3511.00,172
890833-SC,1693.00,1693.00,263
895688-SC,2651.00,2651.00,350
865123-SC,1929.00,1929.00,251
857194-SC,8462.00,8462.00,146
915152-SC,380.00,380.00,28
882765-SC,13531.00,13531.00,220
878891-SC,21921.00,21921.00,200
915880-SC,1674.00,1674.00,112
910126-SC,2404.00,2404.00,157
908257-SC,2271.00,2271.00,537
828712-SC,1359.00,1359.00,376
891903-SC,347.00,347.00,3
908255-SC,1563.00,1563.00,145
867452-SC,12320.00,12320.00,108
913488-SC,5746.00,5746.00,105
897963-SC,3068.00,3068.00,59
887578-SC,177.00,177.00,14
904613-SC,3602.00,3602.00,195
891045-SC,1322.00,1322.00,154
906981-SC,1575.00,1575.00,146
886481-SC,707.00,707.00,37
897962-SC,3301.00,3301.00,92
872740-SC,515.00,515.00,12
869500-SC,2609.00,2609.00,719
868172-SC,2609.00,2609.00,719
796545-SC,343.00,343.00,8
801482-SC,343.00,343.00,8
877216-SC,3846.00,3846.00,84
846456-SC,3726.00,3726.00,84
877855-SC,241.00,241.00,35
884266-SC,1701.00,1701.00,45
843834-SC,4749.00,4749.00,251
885293-SC,3072.00,3072.00,255
936948-SC,15714.00,15714.00,73
893598-SC,1874.00,1874.00,112
915146-SC,1604.00,1604.00,180
864649-SC,1785.00,1785.00,13
880673-SC,2849.00,2849.00,414
898701-SC,1368.00,1368.00,4
885289-SC,2123.00,2123.00,130
920689-SC,3697.00,3697.00,358
917785-SC,3720.00,3720.00,321
920690-SC,2496.00,2496.00,572
755989-SC,1042.00,1042.00,2
920691-SC,6363.00,6363.00,105
920694-SC,817.00,817.00,129
909121-SC,180.00,180.00,5
909779-SC,21899.00,21899.00,173
880752-SC,11362.00,11362.00,113
862161-SC,3773.00,3773.00,412
915154-SC,2665.00,2665.00,372
877437-SC,4834.00,4834.00,515
863105-SC,17050.00,17050.00,200
920696-SC,340.00,340.00,11
884187-SC,271.00,271.00,8
874005-SC,17050.00,17050.00,200
859697-SC,17111.00,17111.00,130
849524-SC,10611.00,10611.00,120
875190-SC,12380.00,12380.00,120
872053-SC,12380.00,12380.00,120
880693-SC,1458.00,1458.00,112
877854-SC,471.00,471.00,5
882752-SC,11362.00,11362.00,105
884053-SC,826.00,826.00,13
884031-SC,11362.00,11362.00,105
779366-SC,752.00,752.00,21
903035-SC,15917.00,15917.00,120
895953-SC,17050.00,17050.00,200
923133-SC,2497.00,2497.00,173
919808-SC,14609.00,14609.00,105
886079-SC,433.00,433.00,22
907533-SC,15917.00,15917.00,120
926390-SC,3104.00,3104.00,424
885335-SC,3301.00,3301.00,131
926392-SC,2272.00,2272.00,197
924981-SC,5470.00,5470.00,168
904612-SC,456.00,456.00,21
861216-SC,2086.00,2086.00,6
845111-SC,826.00,826.00,9
926251-SC,17858.00,17858.00,79
926396-SC,477.00,477.00,6
919090-SC,10458.00,10458.00,254
929114-SC,1933.00,1933.00,225
885292-SC,2034.00,2034.00,142
885291-SC,3405.00,3405.00,179
891914-SC,16185.00,16185.00,404
881592-SC,1848.00,1848.00,19
892519-SC,337.00,337.00,25
926394-SC,470.00,470.00,44
813890-SC,1471.00,1471.00,235
915453-SC,2645.00,2645.00,69
918655-SC,5746.00,5746.00,105
900491-SC,2867.00,2867.00,117
927181-SC,21879.00,21879.00,173
844074-SC,1959.00,1959.00,185
922964-SC,728.00,728.00,90
829834-SC,3864.00,3864.00,281
929895-SC,4906.00,4906.00,114
905702-SC,40320.00,40320.00,401
799356-SC,2430.00,2430.00,120
914804-SC,25639.00,25639.00,568
840655-SC,1722.00,1722.00,138
831800-SC,2179.00,2179.00,127
915155-SC,605.00,605.00,5
905821-SC,1153.00,1153.00,56
921772-SC,4821.00,4821.00,406
905822-SC,1153.00,1153.00,56
889622-SC,2454.00,2454.00,90
829798-SC,1457.00,1457.00,348
890492-SC,2205.00,2205.00,808
867171-SC,1013.00,1013.00,4
833001-SC,852.00,852.00,346
856928-SC,10152.00,10152.00,146
874480-SC,12380.00,12380.00,120
862911-SC,7241.00,7241.00,108
817468-SC,10611.00,10611.00,120
912826-SC,4577.00,4577.00,423
930001-SC,2734.00,2734.00,573
884052-SC,812.00,812.00,11
855712-SC,5243.00,5243.00,64
866120-SC,3885.00,3885.00,37
872258-SC,2009.00,2009.00,136
884906-SC,1542.00,1542.00,12
874896-SC,3885.00,3885.00,37
893898-SC,944.00,944.00,5
857741-SC,19425.00,19425.00,403
840459-SC,2017.00,2017.00,24
891455-SC,402.00,402.00,10
891453-SC,402.00,402.00,10
868658-SC,598.00,598.00,8
859771-SC,1280.00,1280.00,15
887573-SC,686.00,686.00,37
931397-SC,1620.00,1620.00,17
842445-SC,5974.00,5974.00,266
937247-SC,10438.00,10438.00,62
930488-SC,1526.00,1526.00,45
889190-SC,2086.00,2086.00,6
901714-SC,3146.00,3146.00,267
873583-SC,3584.00,3584.00,861
876879-SC,1110.00,1110.00,48
891482-SC,18173.00,18173.00,300
886463-SC,7553.00,7553.00,81
903468-SC,9677.00,9677.00,890
878853-SC,9568.00,9568.00,82
928457-SC,5810.00,5810.00,63
903473-SC,1123.00,1123.00,4
938286-SC,3258.00,3258.00,76
871220-SC,1414.00,1414.00,15
880488-SC,1681.00,1681.00,176
894475-SC,12387.00,12387.00,120
923692-SC,6315.00,6315.00,860
849179-SC,1535.00,1535.00,65
895133-SC,1006.00,1006.00,17
853373-SC,1879.00,1879.00,215
838732-SC,912.00,912.00,24
875648-SC,430.00,430.00,12
838730-SC,912.00,912.00,24
896764-SC,4515.00,4515.00,68
838729-SC,912.00,912.00,24
879501-SC,2322.00,2322.00,16
887228-SC,915.00,915.00,113
882771-SC,11196.00,11196.00,54
895106-SC,2086.00,2086.00,8
895107-SC,2086.00,2086.00,8
900037-SC,1139.00,1139.00,331
900038-SC,1512.00,1512.00,6
865879-SC,2218.00,2218.00,125
927676-SC,2646.00,2646.00,20
917345-SC,11188.00,11188.00,230
861635-SC,9870.00,9870.00,307
895360-SC,915.00,915.00,113
865164-SC,2513.00,2513.00,239
865163-SC,1902.00,1902.00,239
895359-SC,1982.00,1982.00,332
926081-SC,2735.00,2735.00,17
820894-SC,330.00,330.00,20
865166-SC,3069.00,3069.00,227
865169-SC,2506.00,2506.00,185
894751-SC,230.00,230.00,2
789989-SC,5939.00,5939.00,74
923696-SC,2888.00,2888.00,117
878897-SC,1114.00,1114.00,82
865168-SC,468.00,468.00,23
844073-SC,4156.00,4156.00,323
819848-SC,1245.00,1245.00,97
879113-SC,4060.00,4060.00,660
844072-SC,2293.00,2293.00,247
918297-SC,931.00,931.00,42
922673-SC,371.00,371.00,6
887777-SC,1101.00,1101.00,56
920692-SC,3760.00,3760.00,567
865167-SC,431.00,431.00,20
851478-SC,3209.00,3209.00,252
862116-SC,2272.00,2272.00,295
883400-SC,1216.00,1216.00,28
862118-SC,2272.00,2272.00,295
909108-SC,450.00,450.00,17
845304-SC,815.00,815.00,31
845305-SC,608.00,608.00,31
880685-SC,1714.00,1714.00,342
869506-SC,1011.00,1011.00,8
798419-SC,3125.00,6250.00,826
886082-SC,953.00,953.00,112
889364-SC,834.00,834.00,34
890828-SC,1675.00,1675.00,348
891489-SC,2979.00,2979.00,179
887837-SC,1013.00,1013.00,4
886080-SC,616.00,616.00,101
894091-SC,6700.00,6700.00,94
909303-SC,2207.00,2207.00,309
849093-SC,834.00,834.00,111
920249-SC,4276.00,4276.00,217
900594-SC,901.00,901.00,80
891392-SC,11305.00,11305.00,278
893519-SC,1006.00,1006.00,17
891395-SC,2730.00,2730.00,170
908178-SC,5759.00,5759.00,187
845302-SC,2109.00,2109.00,90
933594-SC,14146.00,14146.00,82
934203-SC,14146.00,14146.00,82
926395-SC,1781.00,1781.00,10
897529-SC,8813.00,8813.00,58
912581-SC,5220.00,5220.00,617
913761-SC,12787.00,12787.00,82
890841-SC,17222.00,17222.00,1295
861338-SC,3959.00,3959.00,582
861340-SC,5447.00,5447.00,784
922509-SC,2355.30,2355.30,298
861339-SC,3118.00,3118.00,890
830634-SC,2092.00,2092.00,138
830635-SC,2092.00,2092.00,138
887023-SC,590.00,590.00,20
939404-SC,2824.00,2824.00,58
914566-SC,3827.00,3827.00,32
941064-SC,11942.00,11942.00,215
938299-SC,479.00,479.00,5
891397-SC,5057.00,5057.00,300
881829-SC,2901.00,2901.00,781
901069-SC,25605.00,25605.00,1009
891573-SC,4328.00,4328.00,26
881830-SC,2901.00,2901.00,781
920176-SC,13401.00,13401.00,80
895284-SC,3934.00,3934.00,241
868713-SC,6872.00,6872.00,70
830623-SC,2813.00,2813.00,732
886049-SC,1033.00,1033.00,51
897494-SC,3867.00,3867.00,533
891568-SC,2256.00,2256.00,352
872456-SC,2857.00,2857.00,563
924988-SC,2134.00,2134.00,108
884684-SC,2750.00,2750.00,189
779362-SC,1105.00,1105.00,270
853375-SC,2823.00,2823.00,419
831388-SC,1536.00,1536.00,110
903104-SC,2437.00,2437.00,409
893927-SC,2750.00,2750.00,179
890512-SC,13440.00,13440.00,645
885167-SC,4957.00,4957.00,170
931470-SC,11092.00,11092.00,67
906618-SC,2782.00,2782.00,109
872280-SC,1514.00,1514.00,22
876878-SC,2686.00,2686.00,161
881510-SC,5802.00,5802.00,785
895285-SC,3503.00,3503.00,323
830639-SC,2158.00,2158.00,173
918945-SC,773.00,773.00,28
839517-SC,2563.00,2563.00,170
918944-SC,773.00,773.00,28
830636-SC,2092.00,2870.00,138
891287-SC,1466.00,1466.00,20
894752-SC,1559.00,1559.00,19
903097-SC,655.00,655.00,10
903095-SC,655.00,655.00,10
901537-SC,1152.00,1152.00,14
911099-SC,3830.00,3830.00,172
887561-SC,2319.00,2319.00,293
929210-SC,15840.00,15840.00,108
841201-SC,4548.00,4548.00,105
901538-SC,1080.00,1080.00,4
854370-SC,4690.00,4690.00,32
868653-SC,3559.00,3559.00,680
876730-SC,3636.00,3636.00,251
891450-SC,2547.00,2547.00,127
836747-SC,945.00,945.00,219
878899-SC,818.00,818.00,114
921702-SC,716.00,716.00,97
818090-SC,2709.00,2709.00,390
731484-SC,1579.00,3159.09,61
891460-SC,721.00,721.00,37
854362-SC,8683.00,8683.00,237
895286-SC,897.00,897.00,23
854365-SC,3189.00,3189.00,117
891570-SC,945.00,945.00,32
882769-SC,11196.00,11196.00,54
884752-SC,5519.00,5519.00,61
894518-SC,4000.00,4000.00,454
890235-SC,17110.00,17110.00,101
892758-SC,10818.00,10818.00,110
898177-SC,1506.00,1506.00,120
831265-SC,1603.00,1603.00,229
904665-SC,7002.00,7002.00,296
895788-SC,2552.00,2552.00,422
918946-SC,2153.00,2153.00,311
918942-SC,3281.00,3281.00,601
903038-SC,2490.00,2490.00,9
903047-SC,2173.00,2173.00,81
903036-SC,4859.00,4859.00,342
903103-SC,831.00,831.00,98
903105-SC,1916.00,1916.00,409
897493-SC,3910.00,3910.00,150
875740-SC,2793.00,2793.00,331
903042-SC,320.00,320.00,7
878624-SC,2760.00,2760.00,180
937210-SC,3654.00,3654.00,451
872157-SC,9951.00,9951.00,48
802918-SC,2510.00,2510.00,55
940769-SC,1476.00,1476.00,86
897575-SC,1476.00,1476.00,86
908231-SC,1136.00,1136.00,8
836513-SC,3037.00,3037.00,196
908226-SC,1835.00,1835.00,6
857246-SC,1414.00,1414.00,15
903043-SC,3025.00,3025.00,26
860515-SC,1414.00,1414.00,15
872179-SC,5985.00,5985.00,606
921081-SC,1615.00,1615.00,134
921082-SC,1615.00,1615.00,134
891510-SC,1173.00,1173.00,298
889080-SC,503.00,503.00,22
903044-SC,5002.00,5002.00,252
892279-SC,5470.00,5470.00,73
833994-SC,2052.00,2052.00,900
940070-SC,2940.00,2940.00,337
854361-SC,19889.00,19889.00,413
896763-SC,1787.00,1787.00,26
919554-SC,2691.00,2691.00,45
941449-SC,635.00,635.00,114
901897-SC,6300.00,6300.00,426
875741-SC,1717.00,1717.00,228
905627-SC,3272.00,3272.00,250
874523-SC,11222.00,11222.00,22
895785-SC,2387.00,2387.00,636
883867-SC,5753.00,5753.00,286
903107-SC,680.00,680.00,21
829723-SC,4539.00,4539.00,257
838685-SC,344.00,344.00,14
908239-SC,439.00,439.00,3
874533-SC,1135.00,1135.00,131
874534-SC,1135.00,1135.00,131
889081-SC,3741.00,3741.00,1066
876587-SC,1598.00,1598.00,354
877850-SC,1106.00,1106.00,87
880691-SC,1254.00,1254.00,175
891912-SC,4958.00,4958.00,131
891915-SC,4958.00,4958.00,131
874537-SC,5600.00,5600.00,671
910466-SC,5776.00,5776.00,227
903102-SC,1964.00,1964.00,296
908235-SC,2603.00,2603.00,263
902137-SC,2234.00,2234.00,183
908232-SC,2376.00,2376.00,19
892649-SC,994.00,994.00,341
942624-SC,7092.00,7092.00,237
895784-SC,2454.00,2454.00,449
933396-SC,1562.00,1562.00,6
911294-SC,1620.00,1620.00,338
933397-SC,1562.00,1562.00,6
934850-SC,2691.00,2691.00,578
902951-SC,1489.00,1489.00,297
857038-SC,690.00,690.00,41
907393-SC,1936.00,1936.00,312
875737-SC,519.00,519.00,18
829724-SC,1520.00,1520.00,136
938135-SC,4526.00,4526.00,386
902950-SC,3078.00,3078.00,926
857664-SC,10611.00,10611.00,120
902952-SC,1176.00,1176.00,142
911293-SC,1620.00,1620.00,338
903098-SC,856.00,856.00,31
874131-SC,2945.00,2945.00,24
903108-SC,540.00,540.00,37
903889-SC,1929.00,1929.00,365
838688-SC,1931.00,1931.00,58
908229-SC,1835.00,1835.00,6
908233-SC,2835.00,2835.00,13
788596-SC,8957.00,8957.00,80
760829-SC,3175.00,3175.00,311
788949-SC,6143.00,6143.00,295
825606-SC,2335.00,2335.00,127
829924-SC,9406.00,9406.00,133
847041-SC,8306.00,8306.00,350
894090-SC,5952.00,5952.00,94
875738-SC,2532.00,2532.00,98
908227-SC,1376.00,1376.00,23
901536-SC,8594.00,8594.00,100
901969-SC,581.00,581.00,45
908225-SC,1817.00,1817.00,10
890429-SC,809.00,809.00,21
910826-SC,1040.00,1040.00,21
891908-SC,761.00,761.00,39
874315-SC,2086.00,2086.00,6
877852-SC,897.00,897.00,44
874316-SC,2086.00,2086.00,6
874317-SC,2086.00,2086.00,6
893514-SC,3913.00,3913.00,52
893515-SC,3913.00,3913.00,52
901415-SC,673.00,673.00,118
891461-SC,869.00,869.00,287
900259-SC,3051.00,3051.00,579
878639-SC,686.00,686.00,31
881710-SC,219.00,219.00,17
876215-SC,349.00,349.00,27
828518-SC,4412.00,4412.00,59
829722-SC,1552.00,1552.00,47
906537-SC,897.00,897.00,89
891468-SC,690.00,690.00,213
859210-SC,1290.00,1290.00,95
877123-SC,17050.00,17050.00,175
877262-SC,3576.00,3576.00,664
942302-SC,2399.00,2399.00,55
910827-SC,2990.00,2990.00,203
940421-SC,4571.00,4571.00,199
930854-SC,9888.00,9888.00,296
938141-SC,2552.00,2552.00,22
831420-SC,1584.00,1584.00,21
895789-SC,1967.00,1967.00,56
892648-SC,1401.00,1401.00,404
895264-SC,2750.00,2750.00,184
892652-SC,2400.00,2400.00,121
905820-SC,2774.00,2774.00,218
902064-SC,18296.00,18296.00,198
857417-SC,2869.00,2869.00,251
877261-SC,2053.00,2053.00,305
926791-SC,4675.00,4675.00,251
860999-SC,4595.00,4595.00,56
861788-SC,5692.00,5692.00,1018
903106-SC,11668.00,11668.00,351
933595-SC,1332.00,1332.00,10
809587-SC,1229.00,1229.00,130
825596-SC,1601.00,1601.00,235
845296-SC,3002.00,3002.00,125
843830-SC,787.00,787.00,81
874321-SC,2273.00,2273.00,431
888615-SC,6294.00,6294.00,959
842247-SC,2478.00,2478.00,113
881782-SC,1332.00,1332.00,17
882711-SC,4511.00,4511.00,901
881714-SC,789.00,789.00,19
907142-SC,3301.00,3301.00,92
892156-SC,2849.00,2849.00,414
891888-SC,2399.00,2399.00,45
891906-SC,1112.00,1112.00,71
907287-SC,7559.00,7559.00,1009
792439-SC,1531.00,1531.00,22
781791-SC,1787.00,1787.00,76
796547-SC,2327.00,2327.00,178
911990-SC,1118.00,1118.00,10
903957-SC,3645.00,3645.00,86
911982-SC,1178.00,1178.00,237
911988-SC,2542.00,2542.00,61
911986-SC,3534.00,3534.00,292
911983-SC,2176.00,2176.00,263
891055-SC,534.00,534.00,9
911433-SC,2150.00,2150.00,34
860996-SC,1428.00,1428.00,9
891294-SC,659.00,659.00,3
898176-SC,1926.00,1926.00,434
903094-SC,5221.00,5221.00,110
939758-SC,1621.00,1621.00,27
939760-SC,3286.00,3286.00,52
916193-SC,4507.00,4507.00,645
911046-SC,3572.00,3572.00,441
854631-SC,3533.00,3533.00,234
929017-SC,3474.00,3474.00,587
831268-SC,15390.00,15390.00,377
869650-SC,23975.00,23975.00,578
908242-SC,4536.00,4536.00,15
853374-SC,3116.00,3116.00,251
911992-SC,1782.00,1782.00,232
911991-SC,1782.00,1782.00,232
892650-SC,479.00,479.00,5
860251-SC,984.00,984.00,23
892651-SC,479.00,479.00,5
839018-SC,166.00,166.00,17
860998-SC,1512.00,1512.00,9
911981-SC,1248.00,1248.00,10
912508-SC,1259.00,1259.00,63
